<linker>
	<assembly fullname="Assembly-CSharp" ignoreIfMissing="1">
		<type fullname="PopulateSpace">
			<method name="ExploreBrain"/>
			<method name="ExploreBrain"/>
			<method name="ExploreBrain"/>
		</type>
		<type fullname="ChangeScene">
			<method name="GoToLevelSelect"/>
			<method name="GoToLevelOne"/>
		</type>
		<type fullname="SpaceScannerManager">
			<method name="StartScanning"/>
		</type>
	</assembly>
	<assembly fullname="UnityEngine" ignoreIfMissing="1">
		<type fullname="UnityEngine.GameObject">
			<method name="SetActive"/>
		</type>
	</assembly>
</linker>
