<linker>
<assembly fullname="Assembly-CSharp">
<type fullname="ChangeScene" preserve="all"/>
<type fullname="GazeGestureManager" preserve="all"/>
<type fullname="Placeable" preserve="all"/>
<type fullname="PopulateSpace" preserve="all"/>
<type fullname="SegmentHighlights" preserve="all"/>
<type fullname="SpaceScannerManager" preserve="all"/>
<type fullname="test" preserve="all"/>
<type fullname="WordGenerator" preserve="all"/>
<type fullname="BaseControllerPointer" preserve="all"/>
<type fullname="DisplayDependentObjectActivator" preserve="all"/>
<type fullname="attack" preserve="all"/>
<type fullname="FlyCamera" preserve="all"/>
<type fullname="PlayerHealth" preserve="all"/>
<type fullname="Shoal" preserve="all"/>
<type fullname="ShoalManager" preserve="all"/>
<type fullname="UnityGLTF.GLTFComponent" preserve="all"/>
<type fullname="HoloToolkit.Examples.UX.LoadingAnimation" preserve="all"/>
<type fullname="HoloToolkit.Examples.UX.ObjectDisplayScript" preserve="all"/>
<type fullname="HoloToolkit.Examples.InteractiveElements.FadeObject" preserve="all"/>
<type fullname="HoloToolkit.UX.ToolTips.ToolTip" preserve="all"/>
<type fullname="HoloToolkit.UX.ToolTips.ToolTipBackground" preserve="all"/>
<type fullname="HoloToolkit.UX.ToolTips.ToolTipBackgroundBlob" preserve="all"/>
<type fullname="HoloToolkit.UX.ToolTips.ToolTipBackgroundCorners" preserve="all"/>
<type fullname="HoloToolkit.UX.ToolTips.ToolTipBackgroundMesh" preserve="all"/>
<type fullname="HoloToolkit.UX.ToolTips.ToolTipConnector" preserve="all"/>
<type fullname="HoloToolkit.UX.ToolTips.ToolTipSpawner" preserve="all"/>
<type fullname="HoloToolkit.UX.Progress.ProgressIndicator" preserve="all"/>
<type fullname="HoloToolkit.UX.Progress.ProgressIndicatorOrbsRotator" preserve="all"/>
<type fullname="HoloToolkit.UX.Buttons.DialogButton" preserve="all"/>
<type fullname="HoloToolkit.UX.Dialog.Dialog" preserve="all"/>
<type fullname="HoloToolkit.UX.Dialog.DialogShell" preserve="all"/>
<type fullname="HoloToolkit.UI.Keyboard.AxisSlider" preserve="all"/>
<type fullname="HoloToolkit.UI.Keyboard.CapsLockHighlight" preserve="all"/>
<type fullname="HoloToolkit.UI.Keyboard.Keyboard" preserve="all"/>
<type fullname="HoloToolkit.UI.Keyboard.KeyboardInputField" preserve="all"/>
<type fullname="HoloToolkit.UI.Keyboard.KeyboardKeyFunc" preserve="all"/>
<type fullname="HoloToolkit.UI.Keyboard.KeyboardValueKey" preserve="all"/>
<type fullname="HoloToolkit.UI.Keyboard.SliderInputField" preserve="all"/>
<type fullname="HoloToolkit.UI.Keyboard.SymbolDisableHighlight" preserve="all"/>
<type fullname="HoloToolkit.UI.Keyboard.SymbolKeyboard" preserve="all"/>
<type fullname="HoloToolkit.UI.Keyboard.UICollection" preserve="all"/>
<type fullname="HoloToolkit.Sharing.SharingStage" preserve="all"/>
<type fullname="HoloToolkit.Sharing.DefaultSyncModelAccessor" preserve="all"/>
<type fullname="HoloToolkit.Sharing.TransformSynchronizer" preserve="all"/>
<type fullname="HoloToolkit.Sharing.SharingWorldAnchorManager" preserve="all"/>
<type fullname="HoloToolkit.Sharing.VoiceChat.MicrophoneReceiver" preserve="all"/>
<type fullname="HoloToolkit.Sharing.VoiceChat.MicrophoneTransmitter" preserve="all"/>
<type fullname="HoloToolkit.Sharing.Utilities.AutoJoinSessionAndRoom" preserve="all"/>
<type fullname="HoloToolkit.Sharing.Utilities.DirectPairing" preserve="all"/>
<type fullname="HoloToolkit.Sharing.Utilities.ManualIpConfiguration" preserve="all"/>
<type fullname="HoloToolkit.Sharing.Spawning.PrefabSpawnManager" preserve="all"/>
<type fullname="HoloToolkit.Sharing.Spawning.SpawnManager`1" preserve="all"/>
<type fullname="HoloToolkit.Unity.CalibrationSpace" preserve="all"/>
<type fullname="HoloToolkit.Unity.ClipPlane" preserve="all"/>
<type fullname="HoloToolkit.Unity.HoverLight" preserve="all"/>
<type fullname="HoloToolkit.Unity.Interpolator" preserve="all"/>
<type fullname="HoloToolkit.Unity.SingleInstance`1" preserve="all"/>
<type fullname="HoloToolkit.Unity.Singleton`1" preserve="all"/>
<type fullname="HoloToolkit.Unity.StartAwareBehaviour" preserve="all"/>
<type fullname="HoloToolkit.Unity.StartAwareSingleton`1" preserve="all"/>
<type fullname="HoloToolkit.Unity.WorldAnchorManager" preserve="all"/>
<type fullname="HoloToolkit.Unity.FadeScript" preserve="all"/>
<type fullname="HoloToolkit.Unity.AudioEmitter" preserve="all"/>
<type fullname="HoloToolkit.Unity.AudioLoFiEffect" preserve="all"/>
<type fullname="HoloToolkit.Unity.AudioOccluder" preserve="all"/>
<type fullname="HoloToolkit.Unity.AudioBank`1" preserve="all"/>
<type fullname="HoloToolkit.Unity.AudioEventBank" preserve="all"/>
<type fullname="HoloToolkit.Unity.AudioSourcesReference" preserve="all"/>
<type fullname="HoloToolkit.Unity.UAudioManager" preserve="all"/>
<type fullname="HoloToolkit.Unity.UAudioManagerBase`2" preserve="all"/>
<type fullname="HoloToolkit.Unity.SpatialUnderstanding" preserve="all"/>
<type fullname="HoloToolkit.Unity.SpatialUnderstandingCustomMesh" preserve="all"/>
<type fullname="HoloToolkit.Unity.SpatialUnderstandingSourceMesh" preserve="all"/>
<type fullname="HoloToolkit.Unity.AdaptiveQuality" preserve="all"/>
<type fullname="HoloToolkit.Unity.AdaptiveViewport" preserve="all"/>
<type fullname="HoloToolkit.Unity.ApplicationViewManager" preserve="all"/>
<type fullname="HoloToolkit.Unity.AtlasPrefabReference" preserve="all"/>
<type fullname="HoloToolkit.Unity.Billboard" preserve="all"/>
<type fullname="HoloToolkit.Unity.CanvasHelper" preserve="all"/>
<type fullname="HoloToolkit.Unity.DebugPanel" preserve="all"/>
<type fullname="HoloToolkit.Unity.DebugPanelControllerInfo" preserve="all"/>
<type fullname="HoloToolkit.Unity.DebugPanelFPSCounter" preserve="all"/>
<type fullname="HoloToolkit.Unity.DirectionIndicator" preserve="all"/>
<type fullname="HoloToolkit.Unity.FadeManager" preserve="all"/>
<type fullname="HoloToolkit.Unity.FixedAngularSize" preserve="all"/>
<type fullname="HoloToolkit.Unity.FpsDisplay" preserve="all"/>
<type fullname="HoloToolkit.Unity.GpuTimingCamera" preserve="all"/>
<type fullname="HoloToolkit.Unity.HeadsetAdjustment" preserve="all"/>
<type fullname="HoloToolkit.Unity.HeadsUpDirectionIndicator" preserve="all"/>
<type fullname="HoloToolkit.Unity.NearPlaneFade" preserve="all"/>
<type fullname="HoloToolkit.Unity.SceneLauncher" preserve="all"/>
<type fullname="HoloToolkit.Unity.SceneLauncherButton" preserve="all"/>
<type fullname="HoloToolkit.Unity.SimpleTagalong" preserve="all"/>
<type fullname="HoloToolkit.Unity.Solver" preserve="all"/>
<type fullname="HoloToolkit.Unity.SolverBodyLock" preserve="all"/>
<type fullname="HoloToolkit.Unity.SolverConstantViewSize" preserve="all"/>
<type fullname="HoloToolkit.Unity.SolverHandler" preserve="all"/>
<type fullname="HoloToolkit.Unity.SolverInBetween" preserve="all"/>
<type fullname="HoloToolkit.Unity.SolverMomentumizer" preserve="all"/>
<type fullname="HoloToolkit.Unity.SolverOrbital" preserve="all"/>
<type fullname="HoloToolkit.Unity.SolverRadialView" preserve="all"/>
<type fullname="HoloToolkit.Unity.SolverSurfaceMagnetism" preserve="all"/>
<type fullname="HoloToolkit.Unity.SortingLayerOverride" preserve="all"/>
<type fullname="HoloToolkit.Unity.SphereBasedTagalong" preserve="all"/>
<type fullname="HoloToolkit.Unity.StabilizationPlaneModifier" preserve="all"/>
<type fullname="HoloToolkit.Unity.Tagalong" preserve="all"/>
<type fullname="HoloToolkit.Unity.TextToSpeech" preserve="all"/>
<type fullname="HoloToolkit.Unity.TimerScheduler" preserve="all"/>
<type fullname="HoloToolkit.Unity.ToggleDebugWindow" preserve="all"/>
<type fullname="HoloToolkit.Unity.ProfileBase" preserve="all"/>
<type fullname="HoloToolkit.Unity.UsabilityScaler" preserve="all"/>
<type fullname="HoloToolkit.Unity.Receivers.InteractionReceiver" preserve="all"/>
<type fullname="HoloToolkit.Unity.Receivers.ToggleActiveReceiver" preserve="all"/>
<type fullname="HoloToolkit.Unity.Collections.ObjectCollection" preserve="all"/>
<type fullname="HoloToolkit.Unity.Collections.ObjectCollectionDynamic" preserve="all"/>
<type fullname="HoloToolkit.Unity.Buttons.AnimButton" preserve="all"/>
<type fullname="HoloToolkit.Unity.Buttons.AnimControllerButton" preserve="all"/>
<type fullname="HoloToolkit.Unity.Buttons.Button" preserve="all"/>
<type fullname="HoloToolkit.Unity.Buttons.ButtonIconProfile" preserve="all"/>
<type fullname="HoloToolkit.Unity.Buttons.ButtonIconProfileTexture" preserve="all"/>
<type fullname="HoloToolkit.Unity.Buttons.ButtonLocalizedText" preserve="all"/>
<type fullname="HoloToolkit.Unity.Buttons.ButtonMeshProfile" preserve="all"/>
<type fullname="HoloToolkit.Unity.Buttons.ButtonProfile" preserve="all"/>
<type fullname="HoloToolkit.Unity.Buttons.ButtonSoundProfile" preserve="all"/>
<type fullname="HoloToolkit.Unity.Buttons.ButtonSounds" preserve="all"/>
<type fullname="HoloToolkit.Unity.Buttons.ButtonTextProfile" preserve="all"/>
<type fullname="HoloToolkit.Unity.Buttons.CompoundButton" preserve="all"/>
<type fullname="HoloToolkit.Unity.Buttons.CompoundButtonAnim" preserve="all"/>
<type fullname="HoloToolkit.Unity.Buttons.CompoundButtonIcon" preserve="all"/>
<type fullname="HoloToolkit.Unity.Buttons.CompoundButtonMesh" preserve="all"/>
<type fullname="HoloToolkit.Unity.Buttons.CompoundButtonSounds" preserve="all"/>
<type fullname="HoloToolkit.Unity.Buttons.CompoundButtonSpeech" preserve="all"/>
<type fullname="HoloToolkit.Unity.Buttons.CompoundButtonText" preserve="all"/>
<type fullname="HoloToolkit.Unity.Buttons.CompoundButtonToggle" preserve="all"/>
<type fullname="HoloToolkit.Unity.Buttons.MeshButton" preserve="all"/>
<type fullname="HoloToolkit.Unity.Buttons.ObjectButton" preserve="all"/>
<type fullname="HoloToolkit.Unity.Buttons.ProfileButtonBase`1" preserve="all"/>
<type fullname="HoloToolkit.Unity.Buttons.SpriteButton" preserve="all"/>
<type fullname="HoloToolkit.Unity.UX.AppBar" preserve="all"/>
<type fullname="HoloToolkit.Unity.UX.AppBarButton" preserve="all"/>
<type fullname="HoloToolkit.Unity.UX.BoundingBox" preserve="all"/>
<type fullname="HoloToolkit.Unity.UX.BoundingBoxGizmo" preserve="all"/>
<type fullname="HoloToolkit.Unity.UX.BoundingBoxGizmoHandle" preserve="all"/>
<type fullname="HoloToolkit.Unity.UX.BoundingBoxGizmoShell" preserve="all"/>
<type fullname="HoloToolkit.Unity.UX.BoundingBoxRig" preserve="all"/>
<type fullname="HoloToolkit.Unity.UX.Duplicator" preserve="all"/>
<type fullname="HoloToolkit.Unity.UX.Distorter" preserve="all"/>
<type fullname="HoloToolkit.Unity.UX.DistorterBulge" preserve="all"/>
<type fullname="HoloToolkit.Unity.UX.DistorterGravity" preserve="all"/>
<type fullname="HoloToolkit.Unity.UX.DistorterSimplex" preserve="all"/>
<type fullname="HoloToolkit.Unity.UX.DistorterSphere" preserve="all"/>
<type fullname="HoloToolkit.Unity.UX.DistorterWiggly" preserve="all"/>
<type fullname="HoloToolkit.Unity.UX.Bezier" preserve="all"/>
<type fullname="HoloToolkit.Unity.UX.Ellipse" preserve="all"/>
<type fullname="HoloToolkit.Unity.UX.Line" preserve="all"/>
<type fullname="HoloToolkit.Unity.UX.LineBase" preserve="all"/>
<type fullname="HoloToolkit.Unity.UX.LineMeshes" preserve="all"/>
<type fullname="HoloToolkit.Unity.UX.LineObjectCollection" preserve="all"/>
<type fullname="HoloToolkit.Unity.UX.LineObjectFollower" preserve="all"/>
<type fullname="HoloToolkit.Unity.UX.LineObjectSwarm" preserve="all"/>
<type fullname="HoloToolkit.Unity.UX.LineParticles" preserve="all"/>
<type fullname="HoloToolkit.Unity.UX.LineRendererBase" preserve="all"/>
<type fullname="HoloToolkit.Unity.UX.LineStripMesh" preserve="all"/>
<type fullname="HoloToolkit.Unity.UX.LineUnity" preserve="all"/>
<type fullname="HoloToolkit.Unity.UX.Parabola" preserve="all"/>
<type fullname="HoloToolkit.Unity.UX.Rectangle" preserve="all"/>
<type fullname="HoloToolkit.Unity.UX.Spline" preserve="all"/>
<type fullname="HoloToolkit.Unity.SpatialMapping.ObjectSurfaceObserver" preserve="all"/>
<type fullname="HoloToolkit.Unity.SpatialMapping.FileSurfaceObserver" preserve="all"/>
<type fullname="HoloToolkit.Unity.SpatialMapping.RemoteMappingManager" preserve="all"/>
<type fullname="HoloToolkit.Unity.SpatialMapping.RemoteMeshSource" preserve="all"/>
<type fullname="HoloToolkit.Unity.SpatialMapping.RemoteMeshTarget" preserve="all"/>
<type fullname="HoloToolkit.Unity.SpatialMapping.SpatialMappingManager" preserve="all"/>
<type fullname="HoloToolkit.Unity.SpatialMapping.SpatialMappingObserver" preserve="all"/>
<type fullname="HoloToolkit.Unity.SpatialMapping.SpatialMappingSource" preserve="all"/>
<type fullname="HoloToolkit.Unity.SpatialMapping.RemoveSurfaceVertices" preserve="all"/>
<type fullname="HoloToolkit.Unity.SpatialMapping.SurfaceMeshesToPlanes" preserve="all"/>
<type fullname="HoloToolkit.Unity.SpatialMapping.SurfacePlane" preserve="all"/>
<type fullname="HoloToolkit.Unity.SpatialMapping.TapToPlace" preserve="all"/>
<type fullname="HoloToolkit.Unity.InputModule.AnimatedCursor" preserve="all"/>
<type fullname="HoloToolkit.Unity.InputModule.Cursor" preserve="all"/>
<type fullname="HoloToolkit.Unity.InputModule.CursorModifier" preserve="all"/>
<type fullname="HoloToolkit.Unity.InputModule.InteractiveMeshCursor" preserve="all"/>
<type fullname="HoloToolkit.Unity.InputModule.MeshCursor" preserve="all"/>
<type fullname="HoloToolkit.Unity.InputModule.ObjectCursor" preserve="all"/>
<type fullname="HoloToolkit.Unity.InputModule.SpriteCursor" preserve="all"/>
<type fullname="HoloToolkit.Unity.InputModule.FocusManager" preserve="all"/>
<type fullname="HoloToolkit.Unity.InputModule.RegisterPointableCanvas" preserve="all"/>
<type fullname="HoloToolkit.Unity.InputModule.SimpleSinglePointerSelector" preserve="all"/>
<type fullname="HoloToolkit.Unity.InputModule.GamePadHandlerBase" preserve="all"/>
<type fullname="HoloToolkit.Unity.InputModule.XboxControllerHandlerBase" preserve="all"/>
<type fullname="HoloToolkit.Unity.InputModule.BaseRayStabilizer" preserve="all"/>
<type fullname="HoloToolkit.Unity.InputModule.GazeManager" preserve="all"/>
<type fullname="HoloToolkit.Unity.InputModule.GazeStabilizer" preserve="all"/>
<type fullname="HoloToolkit.Unity.InputModule.BaseInputSource" preserve="all"/>
<type fullname="HoloToolkit.Unity.InputModule.CustomInputSource" preserve="all"/>
<type fullname="HoloToolkit.Unity.InputModule.DictationInputManager" preserve="all"/>
<type fullname="HoloToolkit.Unity.InputModule.GamepadInput" preserve="all"/>
<type fullname="HoloToolkit.Unity.InputModule.GamePadInputSource" preserve="all"/>
<type fullname="HoloToolkit.Unity.InputModule.InteractionInputSource" preserve="all"/>
<type fullname="HoloToolkit.Unity.InputModule.RawInteractionInputSource" preserve="all"/>
<type fullname="HoloToolkit.Unity.InputModule.SpeechInputSource" preserve="all"/>
<type fullname="HoloToolkit.Unity.InputModule.TouchscreenInputSource" preserve="all"/>
<type fullname="HoloToolkit.Unity.InputModule.XboxControllerInputSource" preserve="all"/>
<type fullname="HoloToolkit.Unity.InputModule.AttachToController" preserve="all"/>
<type fullname="HoloToolkit.Unity.InputModule.AxisController" preserve="all"/>
<type fullname="HoloToolkit.Unity.InputModule.ButtonController" preserve="all"/>
<type fullname="HoloToolkit.Unity.InputModule.CameraMotionInfo" preserve="all"/>
<type fullname="HoloToolkit.Unity.InputModule.ControllerFinder" preserve="all"/>
<type fullname="HoloToolkit.Unity.InputModule.CustomInputControl" preserve="all"/>
<type fullname="HoloToolkit.Unity.InputModule.CustomInputSelector" preserve="all"/>
<type fullname="HoloToolkit.Unity.InputModule.HandDraggable" preserve="all"/>
<type fullname="HoloToolkit.Unity.InputModule.ManualGazeControl" preserve="all"/>
<type fullname="HoloToolkit.Unity.InputModule.SpeechInputHandler" preserve="all"/>
<type fullname="HoloToolkit.Unity.InputModule.TriggerButton" preserve="all"/>
<type fullname="HoloToolkit.Unity.InputModule.HandGuidance" preserve="all"/>
<type fullname="HoloToolkit.Unity.InputModule.InputManager" preserve="all"/>
<type fullname="HoloToolkit.Unity.InputModule.KeyboardManager" preserve="all"/>
<type fullname="HoloToolkit.Unity.InputModule.MixedRealityCameraManager" preserve="all"/>
<type fullname="HoloToolkit.Unity.InputModule.MixedRealityTeleport" preserve="all"/>
<type fullname="HoloToolkit.Unity.InputModule.MotionControllerVisualizer" preserve="all"/>
<type fullname="HoloToolkit.Unity.InputModule.PointerLine" preserve="all"/>
<type fullname="HoloToolkit.Unity.InputModule.SetGlobalListener" preserve="all"/>
<type fullname="HoloToolkit.Unity.InputModule.Utilities.Interactions.TwoHandManipulatable" preserve="all"/>
<type fullname="HoloToolkit.Unity.Boundary.BoundaryManager" preserve="all"/>
<type fullname="HoloToolkit.Unity.Boundary.SceneContentAdjuster" preserve="all"/>
</assembly>
<assembly fullname="UnityEngine.UI">
<type fullname="UnityEngine.EventSystems.EventSystem" preserve="all"/>
<type fullname="UnityEngine.EventSystems.EventTrigger" preserve="all"/>
<type fullname="UnityEngine.EventSystems.UIBehaviour" preserve="all"/>
<type fullname="UnityEngine.EventSystems.BaseInput" preserve="all"/>
<type fullname="UnityEngine.EventSystems.BaseInputModule" preserve="all"/>
<type fullname="UnityEngine.EventSystems.PointerInputModule" preserve="all"/>
<type fullname="UnityEngine.EventSystems.StandaloneInputModule" preserve="all"/>
<type fullname="UnityEngine.EventSystems.TouchInputModule" preserve="all"/>
<type fullname="UnityEngine.EventSystems.BaseRaycaster" preserve="all"/>
<type fullname="UnityEngine.EventSystems.Physics2DRaycaster" preserve="all"/>
<type fullname="UnityEngine.EventSystems.PhysicsRaycaster" preserve="all"/>
<type fullname="UnityEngine.UI.Button" preserve="all"/>
<type fullname="UnityEngine.UI.Dropdown" preserve="all"/>
<type fullname="UnityEngine.UI.Dropdown/DropdownItem" preserve="all"/>
<type fullname="UnityEngine.UI.Graphic" preserve="all"/>
<type fullname="UnityEngine.UI.GraphicRaycaster" preserve="all"/>
<type fullname="UnityEngine.UI.Image" preserve="all"/>
<type fullname="UnityEngine.UI.InputField" preserve="all"/>
<type fullname="UnityEngine.UI.Mask" preserve="all"/>
<type fullname="UnityEngine.UI.MaskableGraphic" preserve="all"/>
<type fullname="UnityEngine.UI.RawImage" preserve="all"/>
<type fullname="UnityEngine.UI.RectMask2D" preserve="all"/>
<type fullname="UnityEngine.UI.Scrollbar" preserve="all"/>
<type fullname="UnityEngine.UI.ScrollRect" preserve="all"/>
<type fullname="UnityEngine.UI.Selectable" preserve="all"/>
<type fullname="UnityEngine.UI.Slider" preserve="all"/>
<type fullname="UnityEngine.UI.Text" preserve="all"/>
<type fullname="UnityEngine.UI.Toggle" preserve="all"/>
<type fullname="UnityEngine.UI.ToggleGroup" preserve="all"/>
<type fullname="UnityEngine.UI.AspectRatioFitter" preserve="all"/>
<type fullname="UnityEngine.UI.CanvasScaler" preserve="all"/>
<type fullname="UnityEngine.UI.ContentSizeFitter" preserve="all"/>
<type fullname="UnityEngine.UI.GridLayoutGroup" preserve="all"/>
<type fullname="UnityEngine.UI.HorizontalLayoutGroup" preserve="all"/>
<type fullname="UnityEngine.UI.HorizontalOrVerticalLayoutGroup" preserve="all"/>
<type fullname="UnityEngine.UI.LayoutElement" preserve="all"/>
<type fullname="UnityEngine.UI.LayoutGroup" preserve="all"/>
<type fullname="UnityEngine.UI.VerticalLayoutGroup" preserve="all"/>
<type fullname="UnityEngine.UI.BaseMeshEffect" preserve="all"/>
<type fullname="UnityEngine.UI.Outline" preserve="all"/>
<type fullname="UnityEngine.UI.PositionAsUV1" preserve="all"/>
<type fullname="UnityEngine.UI.Shadow" preserve="all"/>
</assembly>
</linker>
